{"stats":{"minecraft:used":{"minecraft:oak_log":44,"minecraft:stone_brick_slab":6,"minecraft:blue_terracotta":101,"minecraft:warped_fungus_on_a_stick":291,"minecraft:command_block":47,"minecraft:birch_slab":76,"minecraft:spruce_wood":110,"minecraft:red_concrete":13,"minecraft:grass_block":9,"minecraft:carrot_on_a_stick":1781,"minecraft:oak_sign":22,"minecraft:light_blue_terracotta":76,"minecraft:chest":7,"minecraft:sandstone":519,"minecraft:stone":632,"minecraft:smooth_sandstone_stairs":80,"minecraft:structure_block":20,"minecraft:stone_bricks":221,"minecraft:slime_spawn_egg":33,"minecraft:netherrack":20,"minecraft:bedrock":21,"minecraft:spruce_leaves":145,"minecraft:diamond_block":55,"minecraft:dirt":18,"minecraft:oak_slab":3,"minecraft:soul_soil":38,"minecraft:white_stained_glass":117,"minecraft:gold_block":8,"minecraft:polished_blackstone_button":3,"minecraft:stone_brick_wall":8,"minecraft:blue_concrete":11,"minecraft:spruce_fence":2,"minecraft:mossy_stone_brick_wall":87,"minecraft:stripped_spruce_wood":17},"minecraft:picked_up":{"minecraft:sandstone":664,"minecraft:carrot_on_a_stick":2,"minecraft:oak_log":2231,"minecraft:dirt":390,"minecraft:soul_soil":177,"minecraft:blue_terracotta":411,"minecraft:slime_ball":2,"minecraft:nether_bricks":72,"minecraft:netherrack":1182,"minecraft:cobblestone":10},"minecraft:dropped":{"minecraft:wooden_axe":1,"minecraft:warped_fungus_on_a_stick":1,"minecraft:carrot_on_a_stick":3},"minecraft:custom":{"minecraft:time_since_rest":458,"minecraft:sprint_one_cm":282990,"minecraft:damage_taken":14820,"minecraft:walk_one_cm":463015,"minecraft:drop":5,"minecraft:damage_dealt":359,"minecraft:player_kills":1,"minecraft:fly_one_cm":2169867,"minecraft:open_chest":1,"minecraft:crouch_one_cm":49320,"minecraft:play_time":2540932,"minecraft:deaths":51,"minecraft:sneak_time":18687,"minecraft:jump":1543,"minecraft:leave_game":32,"minecraft:time_since_death":457,"minecraft:total_world_time":2551838,"minecraft:fall_one_cm":108065}},"DataVersion":3337}