{"stats":{"minecraft:custom":{"minecraft:time_since_rest":33909,"minecraft:sprint_one_cm":458152,"minecraft:damage_taken":280,"minecraft:walk_one_cm":561102,"minecraft:trigger_trapped_chest":4,"minecraft:interact_with_anvil":1,"minecraft:drop":2,"minecraft:fly_one_cm":3333675,"minecraft:open_chest":1,"minecraft:crouch_one_cm":257620,"minecraft:play_one_minute":2996576,"minecraft:deaths":209,"minecraft:sneak_time":80594,"minecraft:jump":1457,"minecraft:leave_game":18,"minecraft:time_since_death":33908},"minecraft:dropped":{"minecraft:structure_block":1,"minecraft:command_block":1},"minecraft:picked_up":{"minecraft:lime_wool":1,"minecraft:barrier":7,"minecraft:stone":3,"minecraft:repeater":2,"minecraft:red_wool":1,"minecraft:lava_bucket":3,"minecraft:stone_brick_stairs":4,"minecraft:oak_log":3,"minecraft:stone_button":32,"minecraft:grass_block":7,"minecraft:redstone":1,"minecraft:dirt":4,"minecraft:repeating_command_block":7,"minecraft:command_block":6,"minecraft:oak_sign":1,"minecraft:green_concrete":3,"minecraft:iron_block":53,"minecraft:redstone_torch":1,"minecraft:oak_button":4,"minecraft:red_concrete":3,"minecraft:soul_sand":1},"minecraft:used":{"minecraft:redstone_torch":1,"minecraft:oak_log":44,"minecraft:black_wool":4,"minecraft:green_concrete":160,"minecraft:black_concrete":41,"minecraft:writable_book":2,"minecraft:lava_bucket":261,"minecraft:spruce_button":2,"minecraft:red_wool":85,"minecraft:armor_stand":6,"minecraft:jungle_fence_gate":3,"minecraft:command_block":112,"minecraft:iron_block":2866,"minecraft:red_concrete":325,"minecraft:barrier":270,"minecraft:grass_block":1476,"minecraft:oak_stairs":15,"minecraft:redstone":2,"minecraft:oak_button":10,"minecraft:lime_wool":55,"minecraft:oak_planks":35,"minecraft:stone_button":144,"minecraft:oak_sign":5,"minecraft:chest":2,"minecraft:stone":442,"minecraft:brown_concrete":11,"minecraft:redstone_block":9,"minecraft:structure_block":1,"minecraft:player_head":5,"minecraft:stone_brick_stairs":1585,"minecraft:oak_leaves":648,"minecraft:repeater":18,"minecraft:anvil":1,"minecraft:soul_sand":37,"minecraft:dirt":144,"minecraft:lime_concrete":6,"minecraft:comparator":1,"minecraft:written_book":35,"minecraft:tnt":3,"minecraft:oak_sapling":18,"minecraft:stripped_oak_wood":15,"minecraft:chain_command_block":2,"minecraft:birch_log":16,"minecraft:repeating_command_block":35,"minecraft:trapped_chest":1,"minecraft:bee_nest":12,"minecraft:white_concrete":8,"minecraft:coarse_dirt":356,"minecraft:light_blue_stained_glass":1,"minecraft:bone_meal":219}},"DataVersion":2230}