{"stats":{"minecraft:mined":{"minecraft:light_blue_concrete":1,"minecraft:blue_concrete":31,"minecraft:yellow_concrete":6,"minecraft:green_concrete":17,"minecraft:red_concrete":20},"minecraft:picked_up":{"minecraft:yellow_concrete":9,"minecraft:stone_button":1,"minecraft:blue_concrete":8,"minecraft:green_concrete":3,"minecraft:oak_button":4,"minecraft:red_concrete":6},"minecraft:used":{"minecraft:calcite":148,"minecraft:green_concrete":595,"minecraft:packed_ice":73,"minecraft:sea_lantern":2,"minecraft:cyan_terracotta":225,"minecraft:snow_block":103,"minecraft:command_block":11,"minecraft:red_concrete":653,"minecraft:red_nether_bricks":92,"minecraft:iron_pickaxe":75,"minecraft:mangrove_planks":59,"minecraft:oak_button":6,"minecraft:verdant_froglight":4,"minecraft:stone_button":2,"minecraft:oak_sign":12,"minecraft:spruce_planks":543,"minecraft:stone":11,"minecraft:stripped_birch_wood":28,"minecraft:crimson_planks":73,"minecraft:structure_block":40,"minecraft:spruce_hanging_sign":2,"minecraft:pink_concrete":19,"minecraft:lime_concrete":10,"minecraft:light_blue_concrete":12,"minecraft:stripped_crimson_hyphae":39,"minecraft:nether_bricks":86,"minecraft:spruce_stairs":15,"minecraft:yellow_concrete":54,"minecraft:ochre_froglight":19,"minecraft:pearlescent_froglight":4,"minecraft:granite":2,"minecraft:blue_concrete":623,"minecraft:stripped_spruce_log":189,"minecraft:stripped_spruce_wood":34},"minecraft:custom":{"minecraft:time_since_rest":3144910,"minecraft:sprint_one_cm":189185,"minecraft:damage_taken":2210,"minecraft:walk_one_cm":370108,"minecraft:drop":684,"minecraft:fly_one_cm":332307,"minecraft:crouch_one_cm":4487,"minecraft:play_time":4111349,"minecraft:deaths":7,"minecraft:sneak_time":2904,"minecraft:jump":432,"minecraft:leave_game":39,"minecraft:time_since_death":3144878,"minecraft:total_world_time":4148035,"minecraft:fall_one_cm":17720},"minecraft:dropped":{"minecraft:red_concrete":2,"minecraft:green_dye":1,"minecraft:yellow_concrete":5,"minecraft:blue_concrete":1,"minecraft:lime_dye":654,"minecraft:green_concrete":6,"minecraft:iron_pickaxe":15,"minecraft:light_blue_concrete":1}},"DataVersion":3218}