{"stats":{"minecraft:picked_up":{"minecraft:leather_leggings":1,"minecraft:cobblestone_wall":7,"minecraft:lantern":2,"minecraft:oak_sign":6,"minecraft:bow":5,"minecraft:wheat_seeds":28,"minecraft:oak_fence_gate":3,"minecraft:written_book":3,"minecraft:player_head":1,"minecraft:book":1,"minecraft:stick":2,"minecraft:stone":4,"minecraft:red_wool":4,"minecraft:lime_concrete":6,"minecraft:stone_button":1,"minecraft:grass_block":6,"minecraft:stone_pressure_plate":17,"minecraft:arrow":320,"minecraft:repeating_command_block":3,"minecraft:command_block":9,"minecraft:lever":1,"minecraft:oak_button":3,"minecraft:oak_sapling":2,"minecraft:red_concrete":3},"minecraft:used":{"minecraft:oak_fence":6,"minecraft:dark_oak_stairs":35,"minecraft:diorite":153,"minecraft:writable_book":2,"minecraft:snow_block":411,"minecraft:red_concrete":230,"minecraft:armor_stand":15,"minecraft:redstone":1,"minecraft:polished_andesite":1,"minecraft:oak_sign":12,"minecraft:chest":10,"minecraft:spruce_planks":114,"minecraft:stone":1755,"minecraft:redstone_block":5,"minecraft:stonecutter":2,"minecraft:grass":17,"minecraft:player_head":5,"minecraft:oak_leaves":62,"minecraft:debug_stick":123,"minecraft:dirt":3,"minecraft:crafting_table":4,"minecraft:hopper":1,"minecraft:cobblestone_wall":742,"minecraft:stone_stairs":144,"minecraft:oak_fence_gate":55,"minecraft:oak_log":39,"minecraft:lever":1,"minecraft:green_concrete":77,"minecraft:sea_lantern":95,"minecraft:lava_bucket":127,"minecraft:diamond_shovel":2,"minecraft:command_block":67,"minecraft:red_wool":422,"minecraft:lantern":12,"minecraft:grass_block":4702,"minecraft:spruce_button":2,"minecraft:oak_button":8,"minecraft:barrier":824,"minecraft:stone_button":11,"minecraft:green_wool":54,"minecraft:stone_slab":912,"minecraft:polished_andesite_slab":3,"minecraft:item_frame":2,"minecraft:repeater":5,"minecraft:lime_concrete":144,"minecraft:bow":146,"minecraft:snow":38,"minecraft:tall_grass":5,"minecraft:written_book":84,"minecraft:oak_sapling":9,"minecraft:chain_command_block":24,"minecraft:grass_path":165,"minecraft:gold_block":1,"minecraft:repeating_command_block":20,"minecraft:trapped_chest":2,"minecraft:stone_pressure_plate":32,"minecraft:coarse_dirt":3,"minecraft:bone_meal":214,"minecraft:stripped_spruce_wood":146},"minecraft:crafted":{"minecraft:leather_leggings":4,"minecraft:leather_boots":4,"minecraft:leather_chestplate":4},"minecraft:custom":{"minecraft:inspect_hopper":2,"minecraft:interact_with_crafting_table":5,"minecraft:play_one_minute":2665605,"minecraft:interact_with_stonecutter":2,"minecraft:leave_game":23,"minecraft:time_since_death":96172,"minecraft:time_since_rest":96172,"minecraft:damage_taken":5360,"minecraft:sprint_one_cm":233287,"minecraft:walk_one_cm":991206,"minecraft:trigger_trapped_chest":32,"minecraft:drop":7,"minecraft:fly_one_cm":3912711,"minecraft:open_chest":49,"minecraft:crouch_one_cm":301182,"minecraft:deaths":229,"minecraft:sneak_time":96265,"minecraft:jump":2029,"minecraft:fall_one_cm":209},"minecraft:dropped":{"minecraft:player_head":1,"minecraft:grass_block":1,"minecraft:oak_fence_gate":1,"minecraft:arrow":64,"minecraft:bow":1,"minecraft:chain_command_block":1,"minecraft:written_book":1}},"DataVersion":2230}