{
  "minecraft:recipes/redstone/oak_fence_gate": {
    "criteria": {
      "has_planks": "2020-04-12 17:00:29 -0700"
    },
    "done": true
  },
  "as:enable": {
    "criteria": {
      "tick": "2020-04-18 14:34:20 -0700"
    },
    "done": true
  },
  "minecraft:recipes/tools/compass": {
    "criteria": {
      "has_redstone": "2020-04-13 15:39:21 -0700"
    },
    "done": true
  },
  "minecraft:recipes/redstone/repeater": {
    "criteria": {
      "has_redstone_torch": "2020-04-13 15:39:27 -0700"
    },
    "done": true
  },
  "minecraft:recipes/building_blocks/stone_stairs_from_stone_stonecutting": {
    "criteria": {
      "has_stone": "2020-04-15 15:49:00 -0700"
    },
    "done": true
  },
  "minecraft:recipes/redstone/oak_button": {
    "criteria": {
      "has_planks": "2020-04-12 17:00:29 -0700"
    },
    "done": true
  },
  "minecraft:recipes/decorations/lime_carpet": {
    "criteria": {
      "has_lime_wool": "2020-04-15 11:57:51 -0700"
    },
    "done": true
  },
  "minecraft:recipes/building_blocks/stone_bricks": {
    "criteria": {
      "has_stone": "2020-04-15 15:49:00 -0700"
    },
    "done": true
  },
  "minecraft:recipes/building_blocks/stone_bricks_from_stone_stonecutting": {
    "criteria": {
      "has_stone": "2020-04-15 15:49:00 -0700"
    },
    "done": true
  },
  "minecraft:recipes/decorations/lime_banner": {
    "criteria": {
      "has_lime_wool": "2020-04-15 11:57:51 -0700"
    },
    "done": true
  },
  "minecraft:recipes/building_blocks/stripped_dark_oak_wood": {
    "criteria": {
      "has_log": "2020-04-12 16:57:57 -0700"
    },
    "done": true
  },
  "main:main/as": {
    "criteria": {
      "tick": "2020-04-18 14:34:20 -0700"
    },
    "done": true
  },
  "minecraft:recipes/decorations/stonecutter": {
    "criteria": {
      "has_stone": "2020-04-15 15:49:00 -0700"
    },
    "done": true
  },
  "minecraft:adventure/adventuring_time": {
    "criteria": {
      "minecraft:jungle_edge": "2020-04-13 18:36:35 -0700",
      "minecraft:cold_ocean": "2020-04-13 18:36:35 -0700",
      "minecraft:snowy_mountains": "2020-04-13 18:36:35 -0700",
      "minecraft:forest": "2020-04-13 18:36:35 -0700",
      "minecraft:mountains": "2020-04-13 18:36:35 -0700",
      "minecraft:badlands_plateau": "2020-04-13 18:36:35 -0700",
      "minecraft:mushroom_fields": "2020-04-13 18:36:35 -0700",
      "minecraft:taiga": "2020-04-13 18:36:35 -0700",
      "minecraft:desert_hills": "2020-04-13 18:36:35 -0700",
      "minecraft:giant_tree_taiga": "2020-04-13 18:36:35 -0700",
      "minecraft:deep_cold_ocean": "2020-04-13 18:36:35 -0700",
      "minecraft:snowy_tundra": "2020-04-13 18:36:35 -0700",
      "minecraft:taiga_hills": "2020-04-13 18:36:35 -0700",
      "minecraft:desert": "2020-04-13 18:36:35 -0700",
      "minecraft:frozen_river": "2020-04-13 18:36:35 -0700",
      "minecraft:deep_frozen_ocean": "2020-04-13 18:36:35 -0700",
      "minecraft:jungle": "2020-04-13 18:36:35 -0700",
      "minecraft:birch_forest": "2020-04-13 18:36:35 -0700",
      "minecraft:jungle_hills": "2020-04-13 18:36:35 -0700",
      "minecraft:snowy_beach": "2020-04-13 18:36:35 -0700",
      "minecraft:bamboo_jungle": "2020-04-13 18:36:35 -0700",
      "minecraft:warm_ocean": "2020-04-13 18:36:35 -0700",
      "minecraft:deep_lukewarm_ocean": "2020-04-13 18:36:35 -0700",
      "minecraft:badlands": "2020-04-13 18:36:35 -0700",
      "minecraft:savanna_plateau": "2020-04-13 18:36:35 -0700",
      "minecraft:beach": "2020-04-13 18:36:35 -0700",
      "minecraft:dark_forest": "2020-04-13 18:36:35 -0700",
      "minecraft:river": "2020-04-13 18:36:35 -0700",
      "minecraft:lukewarm_ocean": "2020-04-13 18:36:35 -0700",
      "minecraft:snowy_taiga": "2020-04-13 18:36:35 -0700",
      "minecraft:birch_forest_hills": "2020-04-13 18:36:35 -0700",
      "minecraft:wooded_mountains": "2020-04-13 18:36:35 -0700",
      "minecraft:bamboo_jungle_hills": "2020-04-13 18:36:35 -0700",
      "minecraft:wooded_hills": "2020-04-13 18:36:35 -0700",
      "minecraft:giant_tree_taiga_hills": "2020-04-13 18:36:35 -0700",
      "minecraft:stone_shore": "2020-04-13 18:36:35 -0700",
      "minecraft:wooded_badlands_plateau": "2020-04-13 18:36:35 -0700",
      "minecraft:mushroom_field_shore": "2020-04-13 18:36:35 -0700",
      "minecraft:swamp": "2020-04-13 18:36:35 -0700",
      "minecraft:snowy_taiga_hills": "2020-04-13 18:36:35 -0700",
      "minecraft:savanna": "2020-04-13 18:36:35 -0700",
      "minecraft:plains": "2020-04-13 18:36:35 -0700"
    },
    "done": true
  },
  "minecraft:recipes/misc/charcoal": {
    "criteria": {
      "has_log": "2020-04-12 16:57:57 -0700"
    },
    "done": true
  },
  "minecraft:recipes/decorations/crafting_table": {
    "criteria": {
      "has_planks": "2020-04-12 17:00:29 -0700"
    },
    "done": true
  },
  "minecraft:recipes/redstone/redstone": {
    "criteria": {
      "has_redstone_block": "2020-04-12 17:33:18 -0700"
    },
    "done": true
  },
  "minecraft:story/lava_bucket": {
    "criteria": {
      "lava_bucket": "2020-04-12 17:32:23 -0700"
    },
    "done": true
  },
  "minecraft:recipes/building_blocks/smooth_stone": {
    "criteria": {
      "has_stone": "2020-04-15 15:49:00 -0700"
    },
    "done": true
  },
  "minecraft:recipes/redstone/redstone_torch": {
    "criteria": {
      "has_redstone": "2020-04-13 15:39:21 -0700"
    },
    "done": true
  },
  "minecraft:recipes/decorations/chest": {
    "criteria": {
      "has_lots_of_items": "2020-04-13 17:43:31 -0700"
    },
    "done": true
  },
  "minecraft:recipes/building_blocks/stone_slab_from_stone_stonecutting": {
    "criteria": {
      "has_stone": "2020-04-15 15:49:00 -0700"
    },
    "done": true
  },
  "minecraft:recipes/building_blocks/chiseled_stone_bricks_stone_from_stonecutting": {
    "criteria": {
      "has_stone": "2020-04-15 15:49:00 -0700"
    },
    "done": true
  },
  "minecraft:recipes/building_blocks/oak_stairs": {
    "criteria": {
      "has_planks": "2020-04-12 17:00:29 -0700"
    },
    "done": true
  },
  "minecraft:recipes/decorations/painting": {
    "criteria": {
      "has_wool": "2020-04-12 17:35:12 -0700"
    },
    "done": true
  },
  "minecraft:recipes/decorations/barrel": {
    "criteria": {
      "has_planks": "2020-04-12 17:00:29 -0700"
    },
    "done": true
  },
  "minecraft:recipes/decorations/red_carpet": {
    "criteria": {
      "has_red_wool": "2020-04-12 17:35:12 -0700"
    },
    "done": true
  },
  "minecraft:recipes/decorations/red_bed": {
    "criteria": {
      "has_red_wool": "2020-04-12 17:35:12 -0700"
    },
    "done": true
  },
  "minecraft:recipes/redstone/oak_door": {
    "criteria": {
      "has_planks": "2020-04-12 17:00:29 -0700"
    },
    "done": true
  },
  "minecraft:recipes/misc/white_dye": {
    "criteria": {
      "has_bone_meal": "2020-04-15 16:04:56 -0700"
    },
    "done": true
  },
  "minecraft:recipes/misc/stick": {
    "criteria": {
      "has_planks": "2020-04-12 17:00:29 -0700"
    },
    "done": true
  },
  "minecraft:recipes/building_blocks/stone_slab": {
    "criteria": {
      "has_stone": "2020-04-15 15:49:00 -0700"
    },
    "done": true
  },
  "minecraft:recipes/decorations/black_carpet": {
    "criteria": {
      "has_black_wool": "2020-04-16 21:14:18 -0700"
    },
    "done": true
  },
  "minecraft:recipes/redstone/stone_pressure_plate": {
    "criteria": {
      "has_stone": "2020-04-15 15:49:00 -0700"
    },
    "done": true
  },
  "minecraft:recipes/building_blocks/stone_brick_slab_from_stone_stonecutting": {
    "criteria": {
      "has_stone": "2020-04-15 15:49:00 -0700"
    },
    "done": true
  },
  "minecraft:recipes/decorations/black_bed": {
    "criteria": {
      "has_black_wool": "2020-04-16 21:14:18 -0700"
    },
    "done": true
  },
  "minecraft:recipes/misc/iron_ingot_from_iron_block": {
    "criteria": {
      "has_iron_block": "2020-04-12 16:59:03 -0700"
    },
    "done": true
  },
  "minecraft:recipes/decorations/stone_brick_walls_from_stone_stonecutting": {
    "criteria": {
      "has_stone": "2020-04-15 15:49:00 -0700"
    },
    "done": true
  },
  "minecraft:recipes/building_blocks/oak_planks": {
    "criteria": {
      "has_log": "2020-04-12 16:57:59 -0700"
    },
    "done": true
  },
  "minecraft:recipes/building_blocks/stone_brick_stairs_from_stone_stonecutting": {
    "criteria": {
      "has_stone": "2020-04-15 15:49:00 -0700"
    },
    "done": true
  },
  "minecraft:recipes/tools/clock": {
    "criteria": {
      "has_redstone": "2020-04-13 15:39:21 -0700"
    },
    "done": true
  },
  "minecraft:recipes/building_blocks/dark_oak_planks": {
    "criteria": {
      "has_logs": "2020-04-12 16:57:57 -0700"
    },
    "done": true
  },
  "main:main/root": {
    "criteria": {
      "tick": "2020-04-18 14:34:20 -0700"
    },
    "done": true
  },
  "minecraft:recipes/building_blocks/birch_wood": {
    "criteria": {
      "has_log": "2020-04-18 10:43:25 -0700"
    },
    "done": true
  },
  "minecraft:recipes/redstone/redstone_block": {
    "criteria": {
      "has_redstone": "2020-04-13 15:39:21 -0700"
    },
    "done": true
  },
  "minecraft:recipes/redstone/piston": {
    "criteria": {
      "has_redstone": "2020-04-13 15:39:21 -0700"
    },
    "done": true
  },
  "minecraft:recipes/decorations/black_banner": {
    "criteria": {
      "has_black_wool": "2020-04-16 21:14:18 -0700"
    },
    "done": true
  },
  "minecraft:recipes/decorations/red_banner": {
    "criteria": {
      "has_red_wool": "2020-04-12 17:35:12 -0700"
    },
    "done": true
  },
  "minecraft:recipes/building_blocks/stone_stairs": {
    "criteria": {
      "has_stone": "2020-04-15 15:49:00 -0700"
    },
    "done": true
  },
  "minecraft:recipes/redstone/oak_pressure_plate": {
    "criteria": {
      "has_planks": "2020-04-12 17:00:29 -0700"
    },
    "done": true
  },
  "minecraft:recipes/building_blocks/birch_planks": {
    "criteria": {
      "has_log": "2020-04-18 10:43:25 -0700"
    },
    "done": true
  },
  "minecraft:recipes/misc/diamond": {
    "criteria": {
      "has_diamond_block": "2020-04-18 14:41:05 -0700"
    },
    "done": true
  },
  "minecraft:recipes/redstone/note_block": {
    "criteria": {
      "has_redstone": "2020-04-13 15:39:21 -0700"
    },
    "done": true
  },
  "minecraft:recipes/building_blocks/oak_wood": {
    "criteria": {
      "has_log": "2020-04-13 17:36:40 -0700"
    },
    "done": true
  },
  "minecraft:recipes/decorations/oak_fence": {
    "criteria": {
      "has_planks": "2020-04-12 17:00:29 -0700"
    },
    "done": true
  },
  "minecraft:recipes/redstone/stone_button": {
    "criteria": {
      "has_stone": "2020-04-15 15:49:00 -0700"
    },
    "done": true
  },
  "minecraft:recipes/redstone/dropper": {
    "criteria": {
      "has_redstone": "2020-04-13 15:39:21 -0700"
    },
    "done": true
  },
  "minecraft:recipes/decorations/anvil": {
    "criteria": {
      "has_iron_block": "2020-04-12 16:59:03 -0700"
    },
    "done": true
  },
  "minecraft:recipes/decorations/oak_sign": {
    "criteria": {
      "has_oak_planks": "2020-04-12 17:00:29 -0700"
    },
    "done": true
  },
  "minecraft:recipes/redstone/oak_trapdoor": {
    "criteria": {
      "has_planks": "2020-04-12 17:00:29 -0700"
    },
    "done": true
  },
  "minecraft:recipes/building_blocks/oak_slab": {
    "criteria": {
      "has_planks": "2020-04-12 17:00:29 -0700"
    },
    "done": true
  },
  "minecraft:recipes/decorations/lime_bed": {
    "criteria": {
      "has_lime_wool": "2020-04-15 11:57:51 -0700"
    },
    "done": true
  },
  "minecraft:recipes/building_blocks/bone_block": {
    "criteria": {
      "has_bonemeal": "2020-04-15 16:04:56 -0700"
    },
    "done": true
  },
  "DataVersion": 2230
}