{"stats":{"minecraft:killed_by":{"minecraft:player":189},"minecraft:picked_up":{"minecraft:bow":1},"minecraft:dropped":{"minecraft:stone_bricks":1,"minecraft:spruce_slab":1,"minecraft:bow":10,"minecraft:arrow":9,"minecraft:oak_sign":1},"minecraft:custom":{"minecraft:time_since_rest":1410,"minecraft:crouch_one_cm":1091,"minecraft:sprint_one_cm":59935,"minecraft:play_time":320343,"minecraft:damage_taken":652432,"minecraft:deaths":195,"minecraft:walk_one_cm":55813,"minecraft:sneak_time":332,"minecraft:walk_under_water_one_cm":47,"minecraft:drop":22,"minecraft:jump":219,"minecraft:damage_dealt":175,"minecraft:leave_game":13,"minecraft:walk_on_water_one_cm":414,"minecraft:time_since_death":1392,"minecraft:climb_one_cm":750,"minecraft:total_world_time":320478,"minecraft:swim_one_cm":447,"minecraft:fall_one_cm":996,"minecraft:fly_one_cm":61351,"minecraft:player_kills":84},"minecraft:used":{"minecraft:stone_bricks":28,"minecraft:bow":146,"minecraft:spruce_slab":21,"minecraft:spruce_stairs":1,"minecraft:white_stained_glass":10,"minecraft:oak_sign":3,"minecraft:stone":1,"minecraft:spruce_trapdoor":6,"minecraft:warped_planks":1,"minecraft:crimson_planks":1}},"DataVersion":2730}