{"stats":{"minecraft:killed_by":{"minecraft:player":176},"minecraft:picked_up":{"minecraft:command_block":2,"minecraft:bow":2,"minecraft:spruce_planks":2,"minecraft:spruce_button":2},"minecraft:broken":{"minecraft:shield":1},"minecraft:dropped":{"minecraft:cobweb":2,"minecraft:repeating_command_block":1,"minecraft:player_head":1,"minecraft:spruce_trapdoor":2,"minecraft:spruce_planks":4,"minecraft:crossbow":1,"minecraft:barrier":2,"minecraft:stone_bricks":7,"minecraft:spruce_slab":4,"minecraft:iron_bars":2,"minecraft:arrow":72,"minecraft:bow":50,"minecraft:stone_slab":1,"minecraft:stone_stairs":1,"minecraft:spruce_stairs":3,"minecraft:stone_brick_slab":4},"minecraft:mined":{"minecraft:player_head":1},"minecraft:custom":{"minecraft:time_since_rest":131916,"minecraft:sprint_one_cm":376899,"minecraft:damage_taken":543019,"minecraft:walk_one_cm":430140,"minecraft:damage_blocked_by_shield":3930,"minecraft:mob_kills":2,"minecraft:drop":157,"minecraft:damage_dealt":346,"minecraft:swim_one_cm":15970,"minecraft:fly_one_cm":1301385,"minecraft:player_kills":348,"minecraft:open_barrel":7,"minecraft:crouch_one_cm":26691,"minecraft:play_time":1123917,"minecraft:deaths":247,"minecraft:sneak_time":14943,"minecraft:walk_under_water_one_cm":7625,"minecraft:jump":2013,"minecraft:leave_game":17,"minecraft:walk_on_water_one_cm":39456,"minecraft:time_since_death":131911,"minecraft:climb_one_cm":4800,"minecraft:total_world_time":1149125,"minecraft:fall_one_cm":8999},"minecraft:used":{"minecraft:oak_fence":4,"minecraft:mossy_cobblestone_stairs":3,"minecraft:moss_block":44,"minecraft:stone_brick_slab":121,"minecraft:water_bucket":225,"minecraft:light":21,"minecraft:black_concrete":124,"minecraft:iron_bars":178,"minecraft:command_block":10,"minecraft:dead_bush":22,"minecraft:ladder":5,"minecraft:spruce_button":17,"minecraft:barrier":594,"minecraft:grass_block":67,"minecraft:spruce_slab":404,"minecraft:oak_sign":50,"minecraft:stone_button":2,"minecraft:blue_wool":103,"minecraft:spruce_planks":1117,"minecraft:shield":1,"minecraft:stone_slab":267,"minecraft:stone":200,"minecraft:spruce_trapdoor":46,"minecraft:composter":70,"minecraft:stone_brick_stairs":206,"minecraft:glow_ink_sac":5,"minecraft:barrel":54,"minecraft:player_head":40,"minecraft:stone_bricks":1595,"minecraft:bow":855,"minecraft:dirt":172,"minecraft:light_blue_dye":5,"minecraft:stone_stairs":148,"minecraft:gold_block":12,"minecraft:andesite_stairs":14,"minecraft:spruce_stairs":127,"minecraft:podzol":73,"minecraft:crossbow":3,"minecraft:bucket":1,"minecraft:repeating_command_block":1,"minecraft:oak_wood":1,"minecraft:cyan_dye":5,"minecraft:tuff":13,"minecraft:stone_brick_wall":7,"minecraft:dripstone_block":25,"minecraft:coarse_dirt":193,"minecraft:magenta_dye":5,"minecraft:cobweb":190},"minecraft:killed":{"minecraft:zoglin":2}},"DataVersion":2730}