{"stats":{"minecraft:custom":{"minecraft:jump":1186,"minecraft:time_since_rest":874,"minecraft:crouch_one_cm":298,"minecraft:damage_dealt":18,"minecraft:walk_on_water_one_cm":1480,"minecraft:deaths":108,"minecraft:play_time":44291,"minecraft:damage_taken":444430,"minecraft:time_since_death":865,"minecraft:walk_one_cm":125503,"minecraft:damage_blocked_by_shield":4250,"minecraft:sneak_time":101,"minecraft:climb_one_cm":1200,"minecraft:total_world_time":44291,"minecraft:walk_under_water_one_cm":560,"minecraft:fall_one_cm":8443,"minecraft:fly_one_cm":12303,"minecraft:player_kills":60},"minecraft:killed_by":{"minecraft:player":108},"minecraft:used":{"minecraft:shield":1,"minecraft:bow":379},"minecraft:broken":{"minecraft:shield":1}},"DataVersion":2730}