{"stats":{"minecraft:killed_by":{"minecraft:player":76},"minecraft:used":{"minecraft:azalea":1,"minecraft:mossy_cobblestone_stairs":44,"minecraft:moss_block":21,"minecraft:stone_brick_slab":3,"minecraft:water_bucket":12,"minecraft:flower_pot":1,"minecraft:iron_bars":1,"minecraft:grass_block":26,"minecraft:barrier":1,"minecraft:oak_sign":4,"minecraft:spruce_planks":2,"minecraft:mossy_stone_brick_stairs":20,"minecraft:stone":21,"minecraft:iron_boots":1,"minecraft:barrel":16,"minecraft:stone_brick_stairs":9,"minecraft:mossy_cobblestone":5,"minecraft:dirt":36,"minecraft:anvil":1,"minecraft:bow":70,"minecraft:podzol":73,"minecraft:andesite":1,"minecraft:stone_stairs":32,"minecraft:acacia_leaves":1,"minecraft:oak_wood":9,"minecraft:dripstone_block":8,"minecraft:tuff":5,"minecraft:coarse_dirt":273,"minecraft:spruce_fence":7,"minecraft:bone_meal":1,"minecraft:cobweb":22},"minecraft:custom":{"minecraft:time_since_rest":87520,"minecraft:sprint_one_cm":87315,"minecraft:walk_one_cm":90517,"minecraft:damage_taken":343324,"minecraft:interact_with_anvil":1,"minecraft:drop":1,"minecraft:damage_dealt":16,"minecraft:fly_one_cm":142967,"minecraft:player_kills":18,"minecraft:crouch_one_cm":6526,"minecraft:play_time":122451,"minecraft:deaths":77,"minecraft:sneak_time":3710,"minecraft:walk_under_water_one_cm":459,"minecraft:pot_flower":1,"minecraft:jump":411,"minecraft:leave_game":2,"minecraft:time_since_death":87517,"minecraft:walk_on_water_one_cm":13802,"minecraft:total_world_time":122451,"minecraft:climb_one_cm":1149,"minecraft:fall_one_cm":2346},"minecraft:dropped":{"minecraft:oak_sign":1}},"DataVersion":2730}