{"codered":{"main":{"$func":["timer","timeblock","tick","restart","repair","menchaincs"],"reversecode":{"$func":["tplv7b","tplv7","tplv6b","tplv6","tplv5b","tplv5"]},"restart":{"$func":["timerreset","doorrest","buttonreset","blockreset"]},"door":{"ld6":{"$func":["dooropen1"]},"ld5":{"$func":["dooropen"]},"ld4":{"$func":["dooropen1"]},"ld3":{"$func":["dooropen1"]},"ld2":{"$func":["dooropen1"]}}},"lobby":{"$func":["story","start","socials","credit"]},"level":{"$func":["level6tp","level5tp","level4tp","level3tp","level2tp","level1tp"]},"dialog":{"level2":{"$func":["dialog2","dialog1"]},"level1":{"$func":["dialog4","dialog3","dialog2","dialog1"]},"fakecore":{"$func":["dialog1"]},"end":{"$func":["end"]},"chapter2":{"$func":["dialog6","dialog5","dialog4","dialog3","dialog2","dialog1","dialog0"]}}}}