{
	"credit": "",
	"texture_size": [64, 64],
	"textures": {
		"1": "item/carrot_on_stick/220207",
		"particle": "item/carrot_on_stick/220207"
	},
	"elements": [
		{
			"from": [6.5, -3.5, 6.5],
			"to": [9.5, -1.5, 9.5],
			"rotation": {"angle": 0, "axis": "y", "origin": [15.5, 0, 0]},
			"faces": {
				"north": {"uv": [7.75, 1, 8.5, 1.5], "texture": "#1"},
				"east": {"uv": [1.25, 7.75, 2, 8.25], "texture": "#1"},
				"south": {"uv": [7.75, 1.75, 8.5, 2.25], "texture": "#1"},
				"west": {"uv": [7.75, 2.5, 8.5, 3], "texture": "#1"},
				"up": {"uv": [7.5, 2.25, 6.75, 1.5], "texture": "#1"},
				"down": {"uv": [7.5, 2.5, 6.75, 3.25], "texture": "#1"}
			}
		},
		{
			"from": [6.5, 12, 6.5],
			"to": [9.5, 17, 9.5],
			"rotation": {"angle": 0, "axis": "y", "origin": [10, 12, 7]},
			"faces": {
				"north": {"uv": [5, 2.5, 5.75, 3.75], "texture": "#1"},
				"east": {"uv": [5, 4, 5.75, 5.25], "texture": "#1"},
				"south": {"uv": [5.5, 0, 6.25, 1.25], "texture": "#1"},
				"west": {"uv": [5, 5.5, 5.75, 6.75], "texture": "#1"},
				"up": {"uv": [7.5, 4.25, 6.75, 3.5], "texture": "#1"},
				"down": {"uv": [7.5, 6.25, 6.75, 7], "texture": "#1"}
			}
		},
		{
			"from": [6, 17.5, 4.35],
			"to": [10, 19.5, 9.35],
			"rotation": {"angle": 22.5, "axis": "x", "origin": [8, 17.5, 3.85]},
			"faces": {
				"north": {"uv": [7.5, 5.5, 8.5, 6], "texture": "#1"},
				"east": {"uv": [6, 4.75, 7.25, 5.25], "texture": "#1"},
				"south": {"uv": [0, 7.75, 1, 8.25], "texture": "#1"},
				"west": {"uv": [6, 5.5, 7.25, 6], "texture": "#1"},
				"up": {"uv": [4, 1.25, 3, 0], "texture": "#1"},
				"down": {"uv": [4, 1.5, 3, 2.75], "texture": "#1"}
			}
		},
		{
			"from": [6.5, 17.46298, 3.08777],
			"to": [9.5, 23.46298, 5.08777],
			"rotation": {"angle": -22.5, "axis": "x", "origin": [8.5, 20.46298, 4.08777]},
			"faces": {
				"north": {"uv": [3, 3, 3.75, 4.5], "texture": "#1"},
				"east": {"uv": [0, 6, 0.5, 7.5], "texture": "#1"},
				"south": {"uv": [4, 3, 4.75, 4.5], "texture": "#1"},
				"west": {"uv": [0.75, 6, 1.25, 7.5], "texture": "#1"},
				"up": {"uv": [8.5, 3.75, 7.75, 3.25], "texture": "#1"},
				"down": {"uv": [6.25, 7.75, 5.5, 8.25], "texture": "#1"}
			}
		},
		{
			"from": [7, 21.6197, 3.99071],
			"to": [9, 27.6197, 4.99071],
			"rotation": {"angle": 45, "axis": "x", "origin": [8.5, 24.6197, 4.49071]},
			"faces": {
				"north": {"uv": [1.5, 6, 2, 7.5], "texture": "#1"},
				"east": {"uv": [7.75, 6.25, 8, 7.75], "texture": "#1"},
				"south": {"uv": [6, 1.5, 6.5, 3], "texture": "#1"},
				"west": {"uv": [4.25, 8, 4.5, 9.5], "texture": "#1"},
				"up": {"uv": [1.75, 8.75, 1.25, 8.5], "texture": "#1"},
				"down": {"uv": [2.5, 8.5, 2, 8.75], "texture": "#1"}
			}
		},
		{
			"from": [7.5, 26.09458, 6.25848],
			"to": [8.5, 27.09458, 9.25848],
			"rotation": {"angle": 0, "axis": "y", "origin": [8, 26.59458, 9.25848]},
			"faces": {
				"north": {"uv": [8.75, 3.25, 9, 3.5], "texture": "#1"},
				"east": {"uv": [7.75, 4, 8.5, 4.25], "texture": "#1"},
				"south": {"uv": [8.75, 3.75, 9, 4], "texture": "#1"},
				"west": {"uv": [8.25, 7.75, 9, 8], "texture": "#1"},
				"up": {"uv": [5.75, 2.25, 5.5, 1.5], "texture": "#1"},
				"down": {"uv": [4.75, 6, 4.5, 6.75], "texture": "#1"}
			}
		},
		{
			"from": [7, 18.7592, 11.81002],
			"to": [9, 23.2592, 12.81002],
			"rotation": {"angle": 45, "axis": "x", "origin": [9, 21.7592, 6.81002]},
			"faces": {
				"north": {"uv": [6, 6.25, 6.5, 7.5], "texture": "#1"},
				"east": {"uv": [4.75, 8, 5, 9.25], "texture": "#1"},
				"south": {"uv": [6.5, 0, 7, 1.25], "texture": "#1"},
				"west": {"uv": [7.75, 8, 8, 9.25], "texture": "#1"},
				"up": {"uv": [4.75, 2.75, 4.25, 2.5], "texture": "#1"},
				"down": {"uv": [1, 8.5, 0.5, 8.75], "texture": "#1"}
			}
		},
		{
			"from": [7.5, 18.69244, 11.53406],
			"to": [8.5, 20.69244, 12.53406],
			"rotation": {"angle": 22.5, "axis": "x", "origin": [9, 19.69244, 12.03406]},
			"faces": {
				"north": {"uv": [2.75, 8.5, 3, 9], "texture": "#1"},
				"east": {"uv": [3.25, 8.5, 3.5, 9], "texture": "#1"},
				"south": {"uv": [3.75, 8.5, 4, 9], "texture": "#1"},
				"west": {"uv": [8.5, 4.5, 8.75, 5], "texture": "#1"},
				"up": {"uv": [9, 5.5, 8.75, 5.25], "texture": "#1"},
				"down": {"uv": [9, 5.75, 8.75, 6], "texture": "#1"}
			}
		},
		{
			"from": [6.5, 20.25, 6.5],
			"to": [9.5, 23.25, 9.5],
			"rotation": {"angle": 0, "axis": "y", "origin": [8, 21.5, 8]},
			"faces": {
				"north": {"uv": [4.5, 7, 5.25, 7.75], "texture": "#1"},
				"east": {"uv": [7.25, 0, 8, 0.75], "texture": "#1"},
				"south": {"uv": [6.75, 7.25, 7.5, 8], "texture": "#1"},
				"west": {"uv": [2.25, 7.5, 3, 8.25], "texture": "#1"},
				"up": {"uv": [4, 8.25, 3.25, 7.5], "texture": "#1"},
				"down": {"uv": [8.25, 4.5, 7.5, 5.25], "texture": "#1"}
			}
		},
		{
			"name": "cube_outline",
			"from": [10, 23.75, 10],
			"to": [6, 19.75, 6],
			"rotation": {"angle": 0, "axis": "y", "origin": [8, 21.5, 8]},
			"faces": {
				"north": {"uv": [4.25, 0, 5.25, 1], "texture": "#1"},
				"east": {"uv": [4.25, 1.25, 5.25, 2.25], "texture": "#1"},
				"south": {"uv": [0, 4.75, 1, 5.75], "texture": "#1"},
				"west": {"uv": [1.25, 4.75, 2.25, 5.75], "texture": "#1"},
				"up": {"uv": [3.5, 5.75, 2.5, 4.75], "texture": "#1"},
				"down": {"uv": [4.75, 4.75, 3.75, 5.75], "texture": "#1"}
			}
		},
		{
			"from": [7.5, -7, 7.5],
			"to": [8.5, -6, 8.5],
			"rotation": {"angle": 0, "axis": "y", "origin": [15.5, 0, 0]},
			"faces": {
				"north": {"uv": [7.25, 1, 7.5, 1.25], "texture": "#1"},
				"east": {"uv": [5.25, 8.5, 5.5, 8.75], "texture": "#1"},
				"south": {"uv": [5.75, 8.5, 6, 8.75], "texture": "#1"},
				"west": {"uv": [8.75, 0.75, 9, 1], "texture": "#1"},
				"up": {"uv": [9, 1.5, 8.75, 1.25], "texture": "#1"},
				"down": {"uv": [9, 1.75, 8.75, 2], "texture": "#1"}
			}
		},
		{
			"from": [7, -6, 7],
			"to": [9, 12, 9],
			"rotation": {"angle": 0, "axis": "y", "origin": [17, 4, -1]},
			"faces": {
				"north": {"uv": [0, 0, 0.5, 4.5], "texture": "#1"},
				"east": {"uv": [0.75, 0, 1.25, 4.5], "texture": "#1"},
				"south": {"uv": [1.5, 0, 2, 4.5], "texture": "#1"},
				"west": {"uv": [2.25, 0, 2.75, 4.5], "texture": "#1"},
				"up": {"uv": [8.75, 0.5, 8.25, 0], "texture": "#1"},
				"down": {"uv": [8.75, 6.25, 8.25, 6.75], "texture": "#1"}
			}
		},
		{
			"from": [7.5, -14, 7.5],
			"to": [8.5, -12, 8.5],
			"rotation": {"angle": 0, "axis": "y", "origin": [15.5, 0, 0]},
			"faces": {
				"north": {"uv": [5.5, 7, 5.75, 7.5], "texture": "#1"},
				"east": {"uv": [7.25, 8.25, 7.5, 8.75], "texture": "#1"},
				"south": {"uv": [8.25, 8.25, 8.5, 8.75], "texture": "#1"},
				"west": {"uv": [0, 8.5, 0.25, 9], "texture": "#1"},
				"up": {"uv": [9, 2.5, 8.75, 2.25], "texture": "#1"},
				"down": {"uv": [9, 2.75, 8.75, 3], "texture": "#1"}
			}
		},
		{
			"from": [7, -12, 7],
			"to": [9, -7, 9],
			"rotation": {"angle": 0, "axis": "y", "origin": [15.5, 0, 0]},
			"faces": {
				"north": {"uv": [2.25, 6, 2.75, 7.25], "texture": "#1"},
				"east": {"uv": [3, 6, 3.5, 7.25], "texture": "#1"},
				"south": {"uv": [6, 3.25, 6.5, 4.5], "texture": "#1"},
				"west": {"uv": [3.75, 6, 4.25, 7.25], "texture": "#1"},
				"up": {"uv": [7, 8.75, 6.5, 8.25], "texture": "#1"},
				"down": {"uv": [8.75, 7, 8.25, 7.5], "texture": "#1"}
			}
		}
	],
	"display": {
		"thirdperson_righthand": {
			"translation": [0, 6, 2]
		},
		"thirdperson_lefthand": {
			"translation": [0, 5, 2]
		},
		"firstperson_righthand": {
			"rotation": [-2, 5, 4],
			"translation": [4, 0, -5]
		},
		"firstperson_lefthand": {
			"rotation": [-2, 5, 4],
			"translation": [4, 0, -5]
		},
		"ground": {
			"translation": [0, 18.5, 0]
		},
		"gui": {
			"rotation": [-90, 45, 90],
			"translation": [-0.5, 0.5, 0],
			"scale": [0.5, 0.5, 0.5]
		},
		"head": {
			"translation": [0, 27.75, 0]
		},
		"fixed": {
			"rotation": [-90, -45, -90],
			"translation": [0, 0, -1.25],
			"scale": [0.5, 0.5, 0.5]
		}
	},
	"groups": [
		0,
		1,
		{
			"name": "group",
			"origin": [13.18406, 19.19244, 6.5],
			"color": 0,
			"children": [2, 3, 4, 5, 6, 7]
		},
		{
			"name": "group",
			"origin": [0, 0, 0],
			"color": 0,
			"children": [8, 9]
		},
		{
			"name": "group",
			"origin": [0, 0, 0],
			"color": 0,
			"children": [10, 11, 12, 13]
		},
		{
			"name": "group",
			"origin": [8, 8, 8],
			"color": 0,
			"children": []
		}
	]
}