{"stats":{"minecraft:picked_up":{"minecraft:mud":1,"minecraft:stone":4,"minecraft:spruce_stairs":1,"minecraft:stone_button":2,"minecraft:slime_ball":60,"minecraft:polished_blackstone_button":1,"minecraft:spruce_planks":11,"minecraft:spruce_button":2},"minecraft:dropped":{"minecraft:stone":2,"minecraft:stone_button":1,"minecraft:spruce_planks":1,"minecraft:birch_button":1,"minecraft:spruce_button":1,"minecraft:mud":1,"minecraft:spruce_stairs":1,"minecraft:oak_sign":2},"minecraft:used":{"minecraft:blue_stained_glass_pane":451,"minecraft:mud":31,"minecraft:black_wool":133,"minecraft:lever":2,"minecraft:light":441,"minecraft:black_concrete":67,"minecraft:cyan_terracotta":66,"minecraft:command_block":27,"minecraft:birch_planks":26,"minecraft:ladder":17,"minecraft:spruce_slab":100,"minecraft:spruce_button":21,"minecraft:oak_planks":106,"minecraft:stone_button":205,"minecraft:oak_sign":11,"minecraft:chest":3,"minecraft:spruce_planks":1630,"minecraft:stone_slab":22,"minecraft:stone":7495,"minecraft:spruce_sign":26,"minecraft:raw_gold_block":5,"minecraft:dark_oak_button":1,"minecraft:prismarine_wall":12,"minecraft:spruce_fence_gate":5,"minecraft:stone_brick_stairs":63,"minecraft:barrel":20,"minecraft:stone_bricks":2401,"minecraft:slime_spawn_egg":4,"minecraft:birch_button":2,"minecraft:stripped_oak_wood":25,"minecraft:spruce_stairs":104,"minecraft:polished_blackstone_button":8,"minecraft:stone_stairs":232,"minecraft:gold_block":21,"minecraft:repeating_command_block":2,"minecraft:white_concrete":630,"minecraft:spruce_fence":3},"minecraft:custom":{"minecraft:time_since_rest":597779,"minecraft:sprint_one_cm":1550707,"minecraft:damage_taken":7040,"minecraft:walk_one_cm":1087763,"minecraft:drop":10,"minecraft:damage_dealt":20,"minecraft:fly_one_cm":2234454,"minecraft:open_barrel":287,"minecraft:open_chest":4,"minecraft:crouch_one_cm":204382,"minecraft:play_time":2364001,"minecraft:deaths":5,"minecraft:sneak_time":66803,"minecraft:jump":4795,"minecraft:leave_game":28,"minecraft:time_since_death":597759,"minecraft:climb_one_cm":6032,"minecraft:total_world_time":4097902,"minecraft:fall_one_cm":171887}},"DataVersion":3465}